{
    "quotes": [
        {
            "accountId": 1,
            "quoteId": 1,
            "revisionName": "FINAL Quote",
            "dateQuoted": "2024-11-15",
            "doclink": "http://localhost:4200/account/1/quote/final.pdf",
            "options": ["Item","Option 1"],
            "perLimit": ["Per Limit","$2,000,000"],
            "totalLimit": ["Total Limit 1","Option 1"],
            "sirOne": ["SIR 1","$2,000,000"],
            "sirTwo": ["SIR 2","$25,000"],
            "sirThree": ["SIR 3","$0"],
            "termOne": ["Term 1","3"],
            "termTwo": ["Term 2","0"],
            "termOnePremiumOne": ["T1/Premium 1","$16,250"],
            "termOnePremiumTwo": ["T1/Premium 2","$0"],
            "termOnePremiumThree": ["T1/Premium 3","$0"],
            "termTwoPremiumOne": ["T2/Premium 1","$0"],
            "termTwoPremiumTwo": ["T2/Premium 2","$0"],
            "termTwoPremiumThree": ["T2/Premium 3","$0"]
        },
        {
            "accountId": 1,
            "revisionName": "Revision 6",
            "dateQuoted": "2024-11-13",
            "doclink": "http://localhost:4200/account/1/quote/rev6.pdf",
            "options": ["Item","Option 1","Option 2","Option 3"],
            "perLimit": ["Per Limit","$2,000,000", "$3,000,000","$3,000,000"],
            "totalLimit": ["Total Limit 1","Option 1","Option 2","Option 3"],
            "sirOne": ["SIR 1","$2,000,000", "$3,000,000","$3,000,000"],
            "sirTwo": ["SIR 2","$25,000","$25,000","$25,000"],
            "sirThree": ["SIR 3","$0","$0","$0"],
            "termOne": ["Term 1","3","3","4"],
            "termTwo": ["Term 2","0", "0","0"],
            "termOnePremiumOne": ["T1/Premium 1","$16,250","26,625","$36,625"],
            "termOnePremiumTwo": ["T1/Premium 2","$0","$0","$0"],
            "termOnePremiumThree": ["T1/Premium 3","$0","$0","$0"],
            "termTwoPremiumOne": ["T2/Premium 1","$0","$0","$0"],
            "termTwoPremiumTwo": ["T2/Premium 2","$0","$0","$0"],
            "termTwoPremiumThree": ["T2/Premium 3","$0","$0","$0"]
        },
        {
            "accountId": 1,
            "revisionName": "Revision 5",
            "dateQuoted": "2024-11-11",
            "doclink": "http://localhost:4200/account/1/quote/rev5.pdf",
            "options": ["Item","Option 1","Option 2","Option 3","Option 4"],
            "perLimit": ["Per Limit","$2,000,000", "$3,000,000","$3,000,000","$5,000,000"],
            "totalLimit": ["Total Limit 1","$2,000,000", "$3,000,000","$3,000,000","$5,000,000"],
            "sirOne": ["SIR 1","$2,000,000", "$3,000,000","$3,000,000","$4,000,000"],
            "sirTwo": ["SIR 2","$25,000","$25,000","$25,000","$25,000"],
            "sirThree": ["SIR 3","$0","$0","$0","$0"],
            "termOne": ["Term 1","3","3","4","2"],
            "termTwo": ["Term 2","0", "0","0","0"],
            "termOnePremiumOne": ["T1/Premium 1","$16,250","26,625","$36,625","$46,625"],
            "termOnePremiumTwo": ["T1/Premium 2","$0","$0","$0","$0"],
            "termOnePremiumThree": ["T1/Premium 3","$0","$0","$0","$0"],
            "termTwoPremiumOne": ["T2/Premium 1","$0","$0","$0","$0"],
            "termTwoPremiumTwo": ["T2/Premium 2","$0","$0","$0","$0"],
            "termTwoPremiumThree": ["T2/Premium 3","$0","$0","$0","$0"]
        },
        {
            "accountId": 1,
            "revisionName": "Revision 4",
            "dateQuoted": "2024-11-01",
            "doclink": "http://localhost:4200/account/1/quote/rev4.pdf",
            "options": ["Item","Option 1","Option 2"],
            "perLimit": ["Per Limit","$2,000,000", "$3,000,000"],
            "totalLimit": ["Total Limit 1","Option 1","Option 2"],
            "sirOne": ["SIR 1","$2,000,000", "$3,000,000"],
            "sirTwo": ["SIR 2","$25,000","$25,000"],
            "sirThree": ["SIR 3","$0","$0"],
            "termOne": ["Term 1","3","3"],
            "termTwo": ["Term 2","0", "0"],
            "termOnePremiumOne": ["T1/Premium 1","$16,250","26,625"],
            "termOnePremiumTwo": ["T1/Premium 2","$0","$0"],
            "termOnePremiumThree": ["T1/Premium 3","$0","$0"],
            "termTwoPremiumOne": ["T2/Premium 1","$0","$0"],
            "termTwoPremiumTwo": ["T2/Premium 2","$0","$0"],
            "termTwoPremiumThree": ["T2/Premium 3","$0","$0"]
        },
        {
            "accountId": 1,
            "revisionName": "Revision 3",
            "dateQuoted": "2024-10-31",
            "doclink": "http://localhost:4200/account/1/quote/rev3.pdf",
            "options": ["Item","Option 1","Option 2","Option 3"],
            "perLimit": ["Per Limit","$2,000,000", "$3,000,000","$3,000,000"],
            "totalLimit": ["Total Limit 1","Option 1","Option 2","Option 3"],
            "sirOne": ["SIR 1","$2,000,000", "$3,000,000","$3,000,000"],
            "sirTwo": ["SIR 2","$25,000","$25,000","$25,000"],
            "sirThree": ["SIR 3","$0","$0","$0"],
            "termOne": ["Term 1","3","3","4"],
            "termTwo": ["Term 2","0", "0","0"],
            "termOnePremiumOne": ["T1/Premium 1","$16,250","26,625","$36,625"],
            "termOnePremiumTwo": ["T1/Premium 2","$0","$0","$0"],
            "termOnePremiumThree": ["T1/Premium 3","$0","$0","$0"],
            "termTwoPremiumOne": ["T2/Premium 1","$0","$0","$0"],
            "termTwoPremiumTwo": ["T2/Premium 2","$0","$0","$0"],
            "termTwoPremiumThree": ["T2/Premium 3","$0","$0","$0"]
        },
        {
            "accountId": 1,
            "revisionName": "Revision 2",
            "dateQuoted": "2024-10-25",
            "doclink": "http://localhost:4200/account/1/quote/rev2.pdf",
            "options": ["Item","Option 1","Option 2","Option 3","Option 4"],
            "perLimit": ["Per Limit","$2,000,000", "$3,000,000","$3,000,000","$5,000,000"],
            "totalLimit": ["Total Limit 1","$2,000,000", "$3,000,000","$3,000,000","$5,000,000"],
            "sirOne": ["SIR 1","$2,000,000", "$3,000,000","$3,000,000","$4,000,000"],
            "sirTwo": ["SIR 2","$25,000","$25,000","$25,000","$25,000"],
            "sirThree": ["SIR 3","$0","$0","$0","$0"],
            "termOne": ["Term 1","3","3","4","2"],
            "termTwo": ["Term 2","0", "0","0","0"],
            "termOnePremiumOne": ["T1/Premium 1","$16,250","26,625","$36,625","$46,625"],
            "termOnePremiumTwo": ["T1/Premium 2","$0","$0","$0","$0"],
            "termOnePremiumThree": ["T1/Premium 3","$0","$0","$0","$0"],
            "termTwoPremiumOne": ["T2/Premium 1","$0","$0","$0","$0"],
            "termTwoPremiumTwo": ["T2/Premium 2","$0","$0","$0","$0"],
            "termTwoPremiumThree": ["T2/Premium 3","$0","$0","$0","$0"]
        },
        {
            "accountId": 1,
            "revisionName": "Revision 1",
            "dateQuoted": "2024-10-15",
            "doclink": "http://localhost:4200/account/1/quote/rev1.pdf",
            "options": ["Item","Option 1","Option 2","Option 3","Option 4","Option 5"],
            "perLimit": ["Per Limit","$2,000,000", "$3,000,000","$3,000,000","$5,000,000","$5,000,000"],
            "totalLimit": ["Total Limit 1","$2,000,000", "$3,000,000","$3,000,000","$5,000,000","$5,000,000"],
            "sirOne": ["SIR 1","$2,000,000", "$3,000,000","$3,000,000","$4,000,000","$5,000,000"],
            "sirTwo": ["SIR 2","$25,000","$25,000","$25,000","$25,000","$500,000"],
            "sirThree": ["SIR 3","$0","$0","$0","$0","$0"],
            "termOne": ["Term 1","3","3","4","2","2"],
            "termTwo": ["Term 2","0", "0","0","0","0"],
            "termOnePremiumOne": ["T1/Premium 1","$16,250","26,625","$36,625","$46,625","$56,625"],
            "termOnePremiumTwo": ["T1/Premium 2","$0","$0","$0","$0","$0"],
            "termOnePremiumThree": ["T1/Premium 3","$0","$0","$0","$0","$0"],
            "termTwoPremiumOne": ["T2/Premium 1","$0","$0","$0","$0","$0"],
            "termTwoPremiumTwo": ["T2/Premium 2","$0","$0","$0","$0","$0"],
            "termTwoPremiumThree": ["T2/Premium 3","$0","$0","$0","$0","$0"]
        },
        {
            "accountId": 1,
            "revisionName": "Initial Quote",
            "dateQuoted": "2024-9-15",
            "doclink": "http://localhost:4200/account/1/quote/initquote.pdf",
            "options": ["Item","Option 1","Option 2","Option 3","Option 4"],
            "perLimit": ["Per Limit","$2,000,000", "$3,000,000","$3,000,000","$5,000,000"],
            "totalLimit": ["Total Limit 1","$2,000,000", "$3,000,000","$3,000,000","$5,000,000"],
            "sirOne": ["SIR 1","$2,000,000", "$3,000,000","$3,000,000","$4,000,000"],
            "sirTwo": ["SIR 2","$25,000","$25,000","$25,000","$25,000"],
            "sirThree": ["SIR 3","$0","$0","$0","$0"],
            "termOne": ["Term 1","3","3","4","2"],
            "termTwo": ["Term 2","0", "0","0","0"],
            "termOnePremiumOne": ["T1/Premium 1","$16,250","26,625","$36,625","$46,625"],
            "termOnePremiumTwo": ["T1/Premium 2","$0","$0","$0","$0"],
            "termOnePremiumThree": ["T1/Premium 3","$0","$0","$0","$0"],
            "termTwoPremiumOne": ["T2/Premium 1","$0","$0","$0","$0"],
            "termTwoPremiumTwo": ["T2/Premium 2","$0","$0","$0","$0"],
            "termTwoPremiumThree": ["T2/Premium 3","$0","$0","$0","$0"]
        },
        {
            "accountId": 2,
            "quoteId": 1,
            "revisionName": "FINAL Quote",
            "dateQuoted": "2024-11-15",
            "doclink": "http://localhost:4200/account/1/quote/final.pdf",
            "options": ["Item","Option 1"],
            "perLimit": ["Per Limit","$2,000,000"],
            "totalLimit": ["Total Limit 1","Option 1"],
            "sirOne": ["SIR 1","$2,000,000"],
            "sirTwo": ["SIR 2","$25,000"],
            "sirThree": ["SIR 3","$0"],
            "termOne": ["Term 1","3"],
            "termTwo": ["Term 2","0"],
            "termOnePremiumOne": ["T1/Premium 1","$16,250"],
            "termOnePremiumTwo": ["T1/Premium 2","$0"],
            "termOnePremiumThree": ["T1/Premium 3","$0"],
            "termTwoPremiumOne": ["T2/Premium 1","$0"],
            "termTwoPremiumTwo": ["T2/Premium 2","$0"],
            "termTwoPremiumThree": ["T2/Premium 3","$0"]
        },
        {
            "accountId": 2,
            "revisionName": "Revision 6",
            "dateQuoted": "2024-11-13",
            "doclink": "http://localhost:4200/account/1/quote/rev6.pdf",
            "options": ["Item","Option 1","Option 2","Option 3"],
            "perLimit": ["Per Limit","$2,000,000", "$3,000,000","$3,000,000"],
            "totalLimit": ["Total Limit 1","Option 1","Option 2","Option 3"],
            "sirOne": ["SIR 1","$2,000,000", "$3,000,000","$3,000,000"],
            "sirTwo": ["SIR 2","$25,000","$25,000","$25,000"],
            "sirThree": ["SIR 3","$0","$0","$0"],
            "termOne": ["Term 1","3","3","4"],
            "termTwo": ["Term 2","0", "0","0"],
            "termOnePremiumOne": ["T1/Premium 1","$16,250","26,625","$36,625"],
            "termOnePremiumTwo": ["T1/Premium 2","$0","$0","$0"],
            "termOnePremiumThree": ["T1/Premium 3","$0","$0","$0"],
            "termTwoPremiumOne": ["T2/Premium 1","$0","$0","$0"],
            "termTwoPremiumTwo": ["T2/Premium 2","$0","$0","$0"],
            "termTwoPremiumThree": ["T2/Premium 3","$0","$0","$0"]
        },
        {
            "accountId": 3,
            "quoteId": 1,
            "revisionName": "FINAL Quote",
            "dateQuoted": "2024-11-15",
            "doclink": "http://localhost:4200/account/1/quote/final.pdf",
            "options": ["Item","Option 1"],
            "perLimit": ["Per Limit","$2,000,000"],
            "totalLimit": ["Total Limit 1","Option 1"],
            "sirOne": ["SIR 1","$2,000,000"],
            "sirTwo": ["SIR 2","$25,000"],
            "sirThree": ["SIR 3","$0"],
            "termOne": ["Term 1","3"],
            "termTwo": ["Term 2","0"],
            "termOnePremiumOne": ["T1/Premium 1","$16,250"],
            "termOnePremiumTwo": ["T1/Premium 2","$0"],
            "termOnePremiumThree": ["T1/Premium 3","$0"],
            "termTwoPremiumOne": ["T2/Premium 1","$0"],
            "termTwoPremiumTwo": ["T2/Premium 2","$0"],
            "termTwoPremiumThree": ["T2/Premium 3","$0"]
        },
        {
            "accountId": 3,
            "revisionName": "Revision 6",
            "dateQuoted": "2024-11-13",
            "doclink": "http://localhost:4200/account/1/quote/rev6.pdf",
            "options": ["Item","Option 1","Option 2","Option 3"],
            "perLimit": ["Per Limit","$2,000,000", "$3,000,000","$3,000,000"],
            "totalLimit": ["Total Limit 1","Option 1","Option 2","Option 3"],
            "sirOne": ["SIR 1","$2,000,000", "$3,000,000","$3,000,000"],
            "sirTwo": ["SIR 2","$25,000","$25,000","$25,000"],
            "sirThree": ["SIR 3","$0","$0","$0"],
            "termOne": ["Term 1","3","3","4"],
            "termTwo": ["Term 2","0", "0","0"],
            "termOnePremiumOne": ["T1/Premium 1","$16,250","26,625","$36,625"],
            "termOnePremiumTwo": ["T1/Premium 2","$0","$0","$0"],
            "termOnePremiumThree": ["T1/Premium 3","$0","$0","$0"],
            "termTwoPremiumOne": ["T2/Premium 1","$0","$0","$0"],
            "termTwoPremiumTwo": ["T2/Premium 2","$0","$0","$0"],
            "termTwoPremiumThree": ["T2/Premium 3","$0","$0","$0"]
        },
        {
            "accountId": 49,
            "quoteId": 1,
            "revisionName": "FINAL Quote",
            "dateQuoted": "2024-11-15",
            "doclink": "http://localhost:4200/account/1/quote/final.pdf",
            "options": ["Item","Option 1"],
            "perLimit": ["Per Limit","$2,000,000"],
            "totalLimit": ["Total Limit 1","Option 1"],
            "sirOne": ["SIR 1","$2,000,000"],
            "sirTwo": ["SIR 2","$25,000"],
            "sirThree": ["SIR 3","$0"],
            "termOne": ["Term 1","3"],
            "termTwo": ["Term 2","0"],
            "termOnePremiumOne": ["T1/Premium 1","$16,250"],
            "termOnePremiumTwo": ["T1/Premium 2","$0"],
            "termOnePremiumThree": ["T1/Premium 3","$0"],
            "termTwoPremiumOne": ["T2/Premium 1","$0"],
            "termTwoPremiumTwo": ["T2/Premium 2","$0"],
            "termTwoPremiumThree": ["T2/Premium 3","$0"]
        }
    ]
}